"no";"volt";"arus";"baterai";"suhu";"kelembaban";"updated_at"
"1";"7.5";"0";"1";"29";"58.7";"2024-10-08 14:03:39"
"2";"7.5";"0";"1";"28.9";"58.7";"2024-10-08 14:03:44"
"3";"7.5";"0";"1";"28.9";"58.7";"2024-10-08 14:03:50"
"4";"7.52";"0";"1";"28.9";"58.7";"2024-10-08 14:03:54"
"5";"7.5";"0";"1";"28.9";"58.5";"2024-10-08 14:03:59"
"6";"7.54";"0";"1";"28.9";"58.5";"2024-10-08 14:04:04"
"7";"7.5";"0";"1";"28.9";"58.4";"2024-10-08 14:04:09"
"8";"7.52";"0";"1";"28.9";"58.5";"2024-10-08 14:04:14"
"9";"7.54";"0";"1";"28.9";"58.5";"2024-10-08 14:04:19"
"10";"7.52";"0";"1";"28.9";"58.5";"2024-10-08 14:04:24"
"11";"7.54";"0";"1";"28.9";"58.6";"2024-10-08 14:04:29"
"12";"7.52";"0";"1";"29";"58.6";"2024-10-08 14:04:34"
"13";"7.52";"0";"1";"28.9";"58.7";"2024-10-08 14:04:40"
"14";"7.52";"0";"1";"28.9";"58.7";"2024-10-08 14:04:45"
"15";"7.52";"0";"1";"28.9";"58.7";"2024-10-08 14:04:50"
"16";"7.52";"0";"1";"28.9";"58.9";"2024-10-08 14:04:55"
"17";"7.52";"0";"1";"28.9";"59.1";"2024-10-08 14:05:00"
"18";"7.54";"0";"1";"28.9";"59.2";"2024-10-08 14:05:05"
"19";"7.54";"0";"1";"28.9";"59.4";"2024-10-08 14:05:10"
"20";"7.54";"0";"1";"28.9";"59.5";"2024-10-08 14:05:15"
"21";"7.54";"0";"1";"28.9";"59.5";"2024-10-08 14:05:20"
"22";"7.52";"0";"1";"28.9";"59.4";"2024-10-08 14:05:26"
"23";"7.52";"0";"1";"29";"59.2";"2024-10-08 14:05:30"
"24";"7.52";"0";"1";"28.9";"59";"2024-10-08 14:05:35"
"25";"7.5";"0";"1";"29";"59";"2024-10-08 14:05:41"
"26";"7.5";"0";"1";"28.9";"59";"2024-10-08 14:05:45"
"27";"7.54";"0";"1";"29";"59";"2024-10-08 14:05:50"
"28";"7.5";"0";"1";"29";"59.1";"2024-10-08 14:05:56"
"29";"7.52";"0";"1";"29";"59.2";"2024-10-08 14:06:01"
"30";"7.52";"0";"1";"29";"59.2";"2024-10-08 14:06:06"
"31";"7.52";"0";"1";"29";"59.3";"2024-10-08 14:06:11"
"32";"7.5";"0";"1";"29";"59.3";"2024-10-08 14:06:16"
"33";"7.5";"0";"1";"29";"59.3";"2024-10-08 14:06:21"
"34";"7.52";"0";"1";"29";"59.3";"2024-10-08 14:06:26"
"35";"7.5";"0";"1";"29";"59.3";"2024-10-08 14:06:31"
"36";"7.5";"0";"1";"29";"59.2";"2024-10-08 14:06:36"
"37";"7.5";"0";"1";"29";"59.2";"2024-10-08 14:06:41"
"38";"7.52";"0";"1";"29";"59.2";"2024-10-08 14:06:46"
"39";"7.5";"0";"1";"28.9";"59.2";"2024-10-08 14:06:51"
"40";"7.5";"0";"1";"29";"59.3";"2024-10-08 14:06:56"
"41";"7.52";"0";"1";"29";"59.3";"2024-10-08 14:07:01"
"42";"7.52";"0";"1";"29";"59.3";"2024-10-08 14:07:06"
"43";"7.52";"0";"1";"29";"59.4";"2024-10-08 14:07:12"
"44";"7.52";"0";"1";"29";"59.4";"2024-10-08 14:07:17"
"45";"7.54";"0";"1";"29";"59.5";"2024-10-08 14:07:22"
"46";"7.54";"0";"1";"29";"59.5";"2024-10-08 14:07:27"
"47";"7.5";"0";"1";"29";"59.5";"2024-10-08 14:07:32"
"48";"7.52";"0";"1";"29";"59.5";"2024-10-08 14:07:37"
"49";"7.54";"0";"1";"29";"59.4";"2024-10-08 14:07:49"
"50";"7.52";"0";"1";"29";"59.3";"2024-10-08 14:07:49"
"51";"7.5";"0";"1";"29";"59.3";"2024-10-08 14:07:52"
"52";"7.52";"0";"1";"29";"59.3";"2024-10-08 14:07:57"
"53";"7.54";"0";"1";"29";"59.4";"2024-10-08 14:08:02"
"54";"7.54";"0";"1";"29";"59.3";"2024-10-08 14:08:07"
"55";"7.52";"0";"1";"29";"59.2";"2024-10-08 14:08:12"
"56";"7.52";"0";"1";"29";"59.2";"2024-10-08 14:08:17"
"57";"7.52";"0";"1";"29";"59.2";"2024-10-08 14:08:22"
"58";"7.52";"0";"1";"29";"59.1";"2024-10-08 14:08:28"
"59";"7.54";"0";"1";"29";"59";"2024-10-08 14:08:33"
"60";"7.5";"0";"1";"29";"59";"2024-10-08 14:08:38"
"61";"7.5";"0";"1";"29";"59";"2024-10-08 14:08:43"
"62";"7.5";"0";"1";"29";"59";"2024-10-08 14:08:48"
"63";"7.5";"0";"1";"29";"59";"2024-10-08 14:08:53"
"64";"7.52";"0";"1";"29";"59.1";"2024-10-08 14:08:58"
"65";"7.52";"0";"1";"29";"59.1";"2024-10-08 14:09:03"
"66";"7.52";"0";"1";"29";"59.1";"2024-10-08 14:09:08"
"67";"7.52";"0";"1";"29";"59.1";"2024-10-08 14:09:13"
"68";"7.52";"0";"1";"29";"59.2";"2024-10-08 14:09:18"
"69";"7.52";"0";"1";"29";"59.2";"2024-10-08 14:09:23"
"70";"7.5";"0";"1";"29";"59.3";"2024-10-08 14:09:28"
"71";"7.54";"0";"1";"29";"59.3";"2024-10-08 14:09:33"
"72";"7.52";"0";"1";"29";"59.3";"2024-10-08 14:09:38"
"73";"7.52";"0";"1";"29";"59.4";"2024-10-08 14:09:44"
"74";"7.5";"0";"1";"29";"59.4";"2024-10-08 14:09:49"
"75";"7.5";"0";"1";"29";"59.5";"2024-10-08 14:09:54"
"76";"7.5";"0";"1";"29";"59.6";"2024-10-08 14:09:59"
"77";"7.52";"0";"1";"29";"59.5";"2024-10-08 14:10:04"
"78";"7.52";"0";"1";"29";"59.5";"2024-10-08 14:10:09"
"79";"7.52";"0";"1";"29";"59.6";"2024-10-08 14:10:14"
"80";"7.5";"0";"1";"29";"59.6";"2024-10-08 14:10:19"
"81";"7.5";"0";"1";"29";"59.7";"2024-10-08 14:13:02"
"82";"7.52";"0";"1";"29";"59.8";"2024-10-08 14:13:07"
"83";"7.52";"0";"1";"29";"59.8";"2024-10-08 14:13:12"
"84";"7.52";"0";"1";"29";"59.9";"2024-10-08 14:13:17"
"85";"7.28";"0";"1";"29";"59.9";"2024-10-08 14:13:56"
"86";"7.28";"0";"1";"29";"59.6";"2024-10-08 14:14:01"
"87";"7.28";"0";"1";"29";"59.5";"2024-10-08 14:14:06"
"88";"7.28";"0";"1";"29";"59.5";"2024-10-08 14:14:11"
"89";"7.28";"0";"1";"29";"59.5";"2024-10-08 14:14:17"
"90";"7.28";"0";"1";"29";"59.5";"2024-10-08 14:14:22"
"91";"7.28";"0";"1";"29";"59.4";"2024-10-08 14:14:27"
"92";"7.28";"0";"1";"29";"59.4";"2024-10-08 14:14:32"
"93";"7.28";"0";"1";"29";"59.4";"2024-10-08 14:14:37"
"94";"7.28";"0";"1";"29";"59.4";"2024-10-08 14:14:42"
"95";"7.28";"0";"1";"29.1";"59.5";"2024-10-08 14:14:47"
"96";"0";"0";"1";"28.8";"58.9";"2024-10-08 14:18:56"
"97";"0";"0";"1";"28.8";"58.5";"2024-10-08 14:19:01"
"98";"0";"0";"1";"28.8";"58.5";"2024-10-08 14:19:06"
"99";"0";"0";"1";"28.8";"58.4";"2024-10-08 14:19:11"
"100";"0";"0";"1";"28.8";"58.5";"2024-10-08 14:19:16"
"101";"0";"0";"1";"28.8";"58.4";"2024-10-08 14:19:21"
"102";"0";"0";"1";"28.8";"58.4";"2024-10-08 14:19:26"
"103";"0";"0";"1";"28.8";"58.3";"2024-10-08 14:19:31"
"104";"0";"0";"1";"28.8";"58.3";"2024-10-08 14:19:37"
"105";"0";"0";"1";"28.8";"58.3";"2024-10-08 14:19:42"
"106";"0";"0";"1";"28.8";"58.3";"2024-10-08 14:19:47"
"107";"0";"0";"1";"28.8";"58.3";"2024-10-08 14:19:52"
"108";"0";"0";"1";"28.8";"58.3";"2024-10-08 14:19:57"
"109";"0";"0";"1";"28.8";"58.3";"2024-10-08 14:20:02"
"110";"0";"0";"1";"28.8";"58.2";"2024-10-08 14:20:07"
"111";"12.79";"0";"79.8";"28.8";"58.3";"2024-10-08 14:20:12"
"112";"12.79";"0";"79.8";"28.7";"58.3";"2024-10-08 14:20:18"
"113";"12.79";"0";"79.8";"28.7";"58.3";"2024-10-08 14:20:23"
"114";"12.79";"0";"79.8";"28.7";"58.2";"2024-10-08 14:20:28"
"115";"12.79";"0";"79.8";"28.7";"58.3";"2024-10-08 14:20:33"
"116";"12.79";"0";"79.8";"28.7";"58.3";"2024-10-08 14:20:38"
"117";"12.79";"0";"79.8";"28.7";"58.3";"2024-10-08 14:20:43"
"118";"12.79";"0";"79.8";"28.7";"58.3";"2024-10-08 14:20:48"
"119";"12.79";"0";"79.8";"28.7";"58.3";"2024-10-08 14:20:53"
"120";"12.79";"0";"79.8";"28.7";"58.4";"2024-10-08 14:20:58"
"121";"12.79";"0";"79.8";"28.7";"58.4";"2024-10-08 14:21:04"
"122";"12.82";"0";"80.5";"28.7";"58.4";"2024-10-08 14:21:09"
"123";"12.79";"0";"79.8";"28.7";"58.4";"2024-10-08 14:21:14"
"124";"12.79";"0";"79.8";"28.7";"58.4";"2024-10-08 14:21:19"
"125";"12.79";"0";"79.8";"28.7";"58.5";"2024-10-08 14:21:24"
"126";"12.79";"0";"79.8";"28.7";"58.4";"2024-10-08 14:21:29"
"127";"12.79";"0";"79.8";"28.6";"58.5";"2024-10-08 14:21:34"
"128";"12.79";"0";"79.8";"28.6";"58.6";"2024-10-08 14:21:39"
"129";"12.79";"0";"79.8";"28.6";"58.6";"2024-10-08 14:21:45"
"130";"12.79";"0";"79.8";"28.6";"58.7";"2024-10-08 14:21:50"
"131";"12.79";"0";"79.8";"28.6";"58.6";"2024-10-08 14:21:55"
"132";"12.79";"0";"79.8";"28.6";"58.6";"2024-10-08 14:22:00"
"133";"12.79";"0";"79.8";"28.6";"58.7";"2024-10-08 14:22:05"
"134";"12.79";"0";"79.8";"28.6";"58.8";"2024-10-08 14:22:10"
"135";"12.79";"0";"79.8";"28.6";"58.8";"2024-10-08 14:22:15"
"136";"12.82";"0";"80.5";"28.6";"58.8";"2024-10-08 14:22:20"
"137";"12.82";"0";"80.5";"28.6";"58.8";"2024-10-08 14:22:26"
"138";"12.82";"0";"80.5";"28.6";"58.8";"2024-10-08 14:22:31"
"139";"12.82";"0";"80.5";"28.6";"58.8";"2024-10-08 14:22:36"
"140";"12.82";"0";"80.5";"28.6";"58.8";"2024-10-08 14:22:41"
"141";"12.82";"0";"80.5";"28.5";"58.9";"2024-10-08 14:22:46"
"142";"12.82";"0";"80.5";"28.5";"58.9";"2024-10-08 14:22:51"
"143";"12.82";"0";"80.5";"28.5";"59";"2024-10-08 14:22:56"
"144";"12.82";"0";"80.5";"28.6";"59";"2024-10-08 14:23:01"
"145";"12.82";"0";"80.5";"28.5";"59";"2024-10-08 14:23:07"
"146";"12.82";"0";"80.5";"28.5";"59";"2024-10-08 14:23:12"
"147";"12.82";"0";"80.5";"28.5";"59";"2024-10-08 14:23:17"
"148";"12.82";"0";"80.5";"28.5";"59";"2024-10-08 14:23:22"
"149";"12.82";"0";"80.5";"28.5";"59.1";"2024-10-08 14:23:27"
"150";"12.82";"0";"80.5";"28.5";"59.1";"2024-10-08 14:23:32"
"151";"12.82";"0";"80.5";"28.5";"59.1";"2024-10-08 14:23:37"
"152";"12.82";"0";"80.5";"28.5";"59.1";"2024-10-08 14:23:42"
"153";"12.82";"0";"80.5";"28.5";"59.1";"2024-10-08 14:23:48"
"154";"12.82";"0";"80.5";"28.5";"59.2";"2024-10-08 14:23:53"
"155";"12.82";"0";"80.5";"28.5";"59.2";"2024-10-08 14:23:58"
"156";"12.82";"0";"80.5";"28.5";"59.2";"2024-10-08 14:24:04"
"157";"12.82";"0";"80.5";"28.5";"59.2";"2024-10-08 14:24:08"
"158";"12.82";"0";"80.5";"28.4";"59.2";"2024-10-08 14:24:13"
"159";"12.82";"0";"80.5";"28.4";"59.2";"2024-10-08 14:24:18"
"160";"12.82";"0";"80.5";"28.4";"59.2";"2024-10-08 14:24:23"
"161";"12.82";"0";"80.5";"28.4";"59.2";"2024-10-08 14:24:29"
"162";"12.82";"0";"80.5";"28.4";"59.1";"2024-10-08 14:24:34"
"163";"12.82";"0";"80.5";"28.4";"59.1";"2024-10-08 14:24:39"
"164";"12.82";"0";"80.5";"28.4";"59.1";"2024-10-08 14:24:44"
"165";"12.82";"0";"80.5";"28.4";"59.2";"2024-10-08 14:24:49"
"166";"12.82";"0";"80.5";"28.4";"59.2";"2024-10-08 14:24:54"
"167";"12.82";"0";"80.5";"28.4";"59.2";"2024-10-08 14:24:59"
"168";"12.82";"0";"80.5";"28.4";"59.3";"2024-10-08 14:25:04"
"169";"12.82";"0";"80.5";"28.4";"59.2";"2024-10-08 14:25:10"
"170";"12.82";"0";"80.5";"28.4";"59.2";"2024-10-08 14:25:15"
"171";"12.82";"0";"80.5";"28.4";"59.2";"2024-10-08 14:25:20"
"172";"12.82";"0";"80.5";"28.4";"59.2";"2024-10-08 14:25:25"
"173";"12.82";"0";"80.5";"28.4";"59.3";"2024-10-08 14:25:30"
"174";"12.82";"0";"80.5";"28.4";"59.3";"2024-10-08 14:25:35"
"175";"12.82";"0";"80.5";"28.3";"59.3";"2024-10-08 14:25:40"
"176";"12.82";"0";"80.5";"28.3";"59.2";"2024-10-08 14:25:45"
"177";"12.82";"0";"80.5";"28.4";"59.2";"2024-10-08 14:25:51"
"178";"12.82";"0";"80.5";"28.4";"59.2";"2024-10-08 14:25:56"
"179";"12.82";"0";"80.5";"28.4";"59.3";"2024-10-08 14:26:01"
"180";"12.82";"0";"80.5";"28.4";"59.4";"2024-10-08 14:26:06"
"181";"12.82";"0";"80.5";"28.4";"59.4";"2024-10-08 14:26:11"
"182";"12.82";"0";"80.5";"28.3";"59.4";"2024-10-08 14:26:16"
"183";"12.82";"0";"80.5";"28.3";"59.4";"2024-10-08 14:26:21"
"184";"12.84";"0";"81.19";"28.3";"59.4";"2024-10-08 14:26:26"
"185";"12.82";"0";"80.5";"28.3";"59.6";"2024-10-08 14:26:31"
"186";"12.82";"0";"80.5";"28.3";"59.5";"2024-10-08 14:26:37"
"187";"12.82";"0";"80.5";"28.3";"59.5";"2024-10-08 14:26:42"
"188";"12.82";"0";"80.5";"28.3";"59.6";"2024-10-08 14:26:47"
"189";"12.82";"0";"80.5";"28.3";"59.5";"2024-10-08 14:26:52"
"190";"12.84";"0";"81.19";"28.3";"59.5";"2024-10-08 14:26:57"
"191";"12.82";"0";"80.5";"28.3";"59.5";"2024-10-08 14:27:02"
"192";"12.82";"0";"80.5";"28.3";"59.5";"2024-10-08 14:27:07"
"193";"12.84";"0";"81.19";"28.3";"59.6";"2024-10-08 14:27:12"
"194";"12.82";"0";"80.5";"28.3";"59.6";"2024-10-08 14:27:18"
"195";"12.84";"0";"81.19";"28.3";"59.6";"2024-10-08 14:27:23"
"196";"12.84";"0";"81.19";"28.3";"59.6";"2024-10-08 14:27:28"
"197";"12.82";"0";"80.5";"28.3";"59.7";"2024-10-08 14:27:33"
"198";"12.84";"0";"81.19";"28.3";"59.7";"2024-10-08 14:27:38"
"199";"12.84";"0";"81.19";"28.3";"59.7";"2024-10-08 14:27:43"
"200";"12.84";"0";"81.19";"28.3";"59.7";"2024-10-08 14:27:48"
"201";"12.84";"0";"81.19";"28.3";"59.7";"2024-10-08 14:27:53"
"202";"12.84";"0";"81.19";"28.3";"59.7";"2024-10-08 14:27:59"
"203";"12.84";"0";"81.19";"28.3";"59.7";"2024-10-08 14:28:04"
"204";"12.84";"0";"81.19";"28.3";"59.7";"2024-10-08 14:28:09"
"205";"12.84";"0";"81.19";"28.3";"59.8";"2024-10-08 14:28:14"
"206";"12.84";"0";"81.19";"28.3";"59.7";"2024-10-08 14:28:19"
"207";"12.84";"0";"81.19";"28.3";"59.7";"2024-10-08 14:28:24"
"208";"12.84";"0";"81.19";"28.3";"59.8";"2024-10-08 14:28:29"
"209";"12.84";"0";"81.19";"28.3";"59.8";"2024-10-08 14:28:34"
"210";"12.84";"0";"81.19";"28.3";"59.8";"2024-10-08 14:28:40"
"211";"12.84";"0";"81.19";"28.2";"59.8";"2024-10-08 14:28:45"
"212";"12.84";"0";"81.19";"28.2";"59.8";"2024-10-08 14:28:50"
"213";"12.84";"0";"81.19";"28.2";"59.8";"2024-10-08 14:28:55"
"214";"12.84";"0";"81.19";"28.3";"59.8";"2024-10-08 14:29:00"
"215";"12.84";"0";"81.19";"28.2";"59.9";"2024-10-08 14:29:05"
"216";"12.84";"0";"81.19";"28.2";"59.9";"2024-10-08 14:29:10"
"217";"12.84";"0";"81.19";"28.2";"59.9";"2024-10-08 14:29:15"
"218";"12.84";"0";"81.19";"28.2";"59.9";"2024-10-08 14:29:21"
"219";"12.84";"0";"81.19";"28.2";"59.9";"2024-10-08 14:29:26"
"220";"12.84";"0";"81.19";"28.2";"59.9";"2024-10-08 14:29:31"
"221";"12.84";"0";"81.19";"28.2";"60";"2024-10-08 14:29:36"
"222";"12.84";"0";"81.19";"28.3";"60";"2024-10-08 14:29:41"
"223";"12.84";"0";"81.19";"28.2";"60";"2024-10-08 14:29:46"
"224";"12.84";"0";"81.19";"28.2";"60";"2024-10-08 14:29:51"
"225";"12.84";"0";"81.19";"28.2";"60";"2024-10-08 14:29:56"
"226";"12.84";"0";"81.19";"28.2";"60";"2024-10-08 14:30:02"
"227";"12.84";"0";"81.19";"28.2";"60";"2024-10-08 14:30:07"
"228";"12.84";"0";"81.19";"28.2";"60";"2024-10-08 14:30:12"
"229";"12.84";"0";"81.19";"28.2";"60.1";"2024-10-08 14:30:17"
"230";"12.84";"0";"81.19";"28.2";"60.1";"2024-10-08 14:30:22"
"231";"12.84";"0";"81.19";"28.2";"60.1";"2024-10-08 14:30:27"
"232";"12.84";"0";"81.19";"28.2";"60.1";"2024-10-08 14:30:32"
"233";"12.84";"0";"81.19";"28.2";"60.1";"2024-10-08 14:30:37"
"234";"12.84";"0";"81.19";"28.2";"60.1";"2024-10-08 14:30:42"
"235";"12.84";"0";"81.19";"28.2";"60.1";"2024-10-08 14:30:48"
"236";"12.84";"0";"81.19";"28.2";"60.2";"2024-10-08 14:30:53"
"237";"12.84";"0";"81.19";"28.2";"60.2";"2024-10-08 14:30:58"
"238";"12.84";"0";"81.19";"28.2";"60.2";"2024-10-08 14:31:03"
"239";"12.84";"0";"81.19";"28.2";"60.2";"2024-10-08 14:31:08"
"240";"12.84";"0";"81.19";"28.2";"60.2";"2024-10-08 14:31:13"
"241";"12.84";"0";"81.19";"28.2";"60.2";"2024-10-08 14:31:18"
"242";"12.84";"0";"81.19";"28.2";"60.2";"2024-10-08 14:31:23"
"243";"12.84";"0";"81.19";"28.2";"60.2";"2024-10-08 14:31:29"
"244";"12.84";"0";"81.19";"28.2";"60.2";"2024-10-08 14:31:34"
"245";"12.84";"0";"81.19";"28.2";"60.2";"2024-10-08 14:31:39"
"246";"12.84";"0";"81.19";"28.2";"60.1";"2024-10-08 14:31:44"
"247";"12.84";"0";"81.19";"28.2";"60.1";"2024-10-08 14:31:49"
"248";"12.84";"0";"81.19";"28.2";"60.2";"2024-10-08 14:31:54"
"249";"12.84";"0";"81.19";"28.2";"60.2";"2024-10-08 14:31:59"
"250";"12.84";"0";"81.19";"28.2";"60.2";"2024-10-08 14:32:04"
"251";"12.84";"0";"81.19";"28.2";"60.2";"2024-10-08 14:32:10"
"252";"12.84";"0";"81.19";"28.2";"60.3";"2024-10-08 14:32:15"
"253";"12.84";"0";"81.19";"28.2";"60.3";"2024-10-08 14:32:20"
"254";"12.84";"0";"81.19";"28.2";"60.3";"2024-10-08 14:32:25"
"255";"12.84";"0";"81.19";"28.2";"60.3";"2024-10-08 14:32:30"
"256";"12.84";"0";"81.19";"28.2";"60.3";"2024-10-08 14:32:35"
"257";"12.84";"0";"81.19";"28.2";"60.3";"2024-10-08 14:32:40"
"258";"12.84";"0";"81.19";"28.2";"60.3";"2024-10-08 14:32:45"
"259";"12.84";"0";"81.19";"28.2";"60.4";"2024-10-08 14:32:51"
"260";"12.84";"0";"81.19";"28.2";"60.4";"2024-10-08 14:32:56"
"261";"12.84";"0";"81.19";"28.2";"60.4";"2024-10-08 14:33:01"
"262";"12.84";"0";"81.19";"28.2";"60.4";"2024-10-08 14:33:06"
"263";"12.84";"0";"81.19";"28.2";"60.5";"2024-10-08 14:33:11"
"264";"12.84";"0";"81.19";"28.2";"60.5";"2024-10-08 14:33:16"
"265";"12.84";"0";"81.19";"28.2";"60.5";"2024-10-08 14:33:21"
"266";"12.84";"0";"81.19";"28.2";"60.5";"2024-10-08 14:33:26"
"267";"12.84";"0";"81.19";"28.1";"60.5";"2024-10-08 14:33:32"
"268";"12.84";"0";"81.19";"28.2";"60.5";"2024-10-08 14:33:37"
"269";"12.84";"0";"81.19";"28.2";"60.5";"2024-10-08 14:33:42"
"270";"12.84";"0";"81.19";"28.2";"60.5";"2024-10-08 14:33:47"
"271";"12.84";"0";"81.19";"28.1";"60.5";"2024-10-08 14:33:52"
"272";"12.84";"0";"81.19";"28.2";"60.5";"2024-10-08 14:33:57"
"273";"12.84";"0";"81.19";"28.1";"60.4";"2024-10-08 14:34:02"
"274";"12.84";"0";"81.19";"28.2";"60.5";"2024-10-08 14:34:07"
"275";"12.84";"0";"81.19";"28.2";"60.5";"2024-10-08 14:34:13"
"276";"12.84";"0";"81.19";"28.1";"60.5";"2024-10-08 14:34:18"
"277";"12.84";"0";"81.19";"28.2";"60.5";"2024-10-08 14:34:23"
"278";"12.84";"0";"81.19";"28.1";"60.5";"2024-10-08 14:34:28"
"279";"12.84";"0";"81.19";"28.2";"60.5";"2024-10-08 14:34:33"
"280";"12.84";"0";"81.19";"28.2";"60.5";"2024-10-08 14:34:38"
"281";"12.84";"0";"81.19";"28.2";"60.5";"2024-10-08 14:34:43"
"282";"12.84";"0";"81.19";"28.2";"60.5";"2024-10-08 14:34:48"
"283";"12.84";"0";"81.19";"28.2";"60.5";"2024-10-08 14:34:54"
"284";"12.84";"0";"81.19";"28.1";"60.5";"2024-10-08 14:34:59"
"285";"12.84";"0";"81.19";"28.1";"60.5";"2024-10-08 14:35:04"
"286";"12.84";"0";"81.19";"28.1";"60.6";"2024-10-08 14:35:09"
"287";"12.84";"0";"81.19";"28.2";"60.5";"2024-10-08 14:35:14"
"288";"12.84";"0";"81.19";"28.1";"60.5";"2024-10-08 14:35:19"
"289";"12.84";"0";"81.19";"28.2";"60.5";"2024-10-08 14:35:24"
"290";"12.84";"0";"81.19";"28.2";"60.5";"2024-10-08 14:35:29"
"291";"12.84";"0";"81.19";"28.1";"60.5";"2024-10-08 14:35:35"
"292";"12.84";"0";"81.19";"28.1";"60.4";"2024-10-08 14:35:40"
"293";"12.84";"0";"81.19";"28.1";"60.4";"2024-10-08 14:35:45"
"294";"12.84";"0";"81.19";"28.1";"60.3";"2024-10-08 14:35:50"
"295";"12.84";"0";"81.19";"28.2";"60.4";"2024-10-08 14:35:55"
"296";"12.84";"0";"81.19";"28.1";"60.3";"2024-10-08 14:36:00"
"297";"12.84";"0";"81.19";"28.1";"60.3";"2024-10-08 14:36:05"
"298";"12.84";"0";"81.19";"28.2";"60.3";"2024-10-08 14:36:10"
"299";"12.84";"0";"81.19";"28.1";"60.3";"2024-10-08 14:36:16"
"300";"12.84";"0";"81.19";"28.1";"60.4";"2024-10-08 14:36:21"
"301";"12.84";"0";"81.19";"28.2";"60.4";"2024-10-08 14:36:26"
"302";"12.84";"0";"81.19";"28.2";"60.4";"2024-10-08 14:36:31"
"303";"12.84";"0";"81.19";"28.1";"60.3";"2024-10-08 14:36:36"
"304";"12.84";"0";"81.19";"28.1";"60.3";"2024-10-08 14:36:41"
"305";"12.84";"0";"81.19";"28.1";"60.3";"2024-10-08 14:36:46"
"306";"12.84";"0";"81.19";"28.1";"60.3";"2024-10-08 14:36:51"
"307";"12.84";"0";"81.19";"28.1";"60.3";"2024-10-08 14:36:57"
"308";"12.84";"0";"81.19";"28.2";"60.3";"2024-10-08 14:37:02"
"309";"12.84";"0";"81.19";"28.2";"60.3";"2024-10-08 14:37:07"
"310";"12.84";"0";"81.19";"28.1";"60.3";"2024-10-08 14:37:12"
"311";"12.84";"0";"81.19";"28.1";"60.3";"2024-10-08 14:37:17"
"312";"12.84";"0";"81.19";"28.1";"60.4";"2024-10-08 14:37:22"
"313";"12.84";"0";"81.19";"28.1";"60.4";"2024-10-08 14:37:27"
"314";"12.84";"0";"81.19";"28.1";"60.4";"2024-10-08 14:37:32"
"315";"12.84";"0";"81.19";"28.1";"60.4";"2024-10-08 14:37:37"
"316";"12.84";"0";"81.19";"28.1";"60.4";"2024-10-08 14:37:43"
"317";"12.84";"0";"81.19";"28.1";"60.4";"2024-10-08 14:37:48"
"318";"12.84";"0";"81.19";"28.1";"60.4";"2024-10-08 14:37:53"
"319";"12.84";"0";"81.19";"28.1";"60.4";"2024-10-08 14:37:58"
"320";"12.84";"0";"81.19";"28.1";"60.5";"2024-10-08 14:38:03"
"321";"12.84";"0";"81.19";"28.1";"60.4";"2024-10-08 14:38:08"
"322";"12.84";"0";"81.19";"28.1";"60.4";"2024-10-08 14:38:13"
"323";"12.84";"0";"81.19";"28.1";"60.4";"2024-10-08 14:38:18"
"324";"12.84";"0";"81.19";"28.1";"60.4";"2024-10-08 14:38:24"
"325";"12.84";"0";"81.19";"28.1";"60.4";"2024-10-08 14:38:29"
"326";"12.84";"0";"81.19";"28.1";"60.4";"2024-10-08 14:38:34"
"327";"12.84";"0";"81.19";"28.1";"60.4";"2024-10-08 14:38:39"
"328";"12.84";"0";"81.19";"28.1";"60.4";"2024-10-08 14:38:44"
"329";"12.84";"0";"81.19";"28.1";"60.4";"2024-10-08 14:38:49"
"330";"12.84";"0";"81.19";"28.1";"60.4";"2024-10-08 14:38:54"
"331";"12.84";"0";"81.19";"28.1";"60.4";"2024-10-08 14:38:59"
"332";"12.84";"0";"81.19";"28.1";"60.5";"2024-10-08 14:39:05"
"333";"12.84";"0";"81.19";"28.1";"60.5";"2024-10-08 14:39:10"
"334";"12.84";"0";"81.19";"28.1";"60.5";"2024-10-08 14:39:15"
"335";"12.84";"0";"81.19";"28.1";"60.6";"2024-10-08 14:39:20"
"336";"12.84";"0";"81.19";"28.1";"60.5";"2024-10-08 14:39:25"
"337";"12.84";"0";"81.19";"28.1";"60.5";"2024-10-08 14:39:30"
"338";"12.84";"0";"81.19";"28.1";"60.5";"2024-10-08 14:39:35"
"339";"12.84";"0";"81.19";"28.1";"60.5";"2024-10-08 14:39:40"
"340";"12.84";"0";"81.19";"28.1";"60.6";"2024-10-08 14:39:46"
"341";"12.84";"0";"81.19";"28.1";"60.5";"2024-10-08 14:39:51"
"342";"12.84";"0";"81.19";"28.1";"60.4";"2024-10-08 14:39:56"
"343";"12.84";"0";"81.19";"28.1";"60.4";"2024-10-08 14:40:01"
"344";"12.84";"0";"81.19";"28.1";"60.3";"2024-10-08 14:40:06"
"345";"12.84";"0";"81.19";"28.1";"60.3";"2024-10-08 14:40:11"
"346";"12.84";"0";"81.19";"28.1";"60.3";"2024-10-08 14:40:16"
"347";"12.84";"0";"81.19";"28.1";"60.3";"2024-10-08 14:40:21"
"348";"12.84";"0";"81.19";"28.1";"60.3";"2024-10-08 14:40:27"
"349";"12.84";"0";"81.19";"28.1";"60.3";"2024-10-08 14:40:32"
"350";"12.84";"0";"81.19";"28.1";"60.3";"2024-10-08 14:40:37"
"351";"12.84";"0";"81.19";"28.1";"60.4";"2024-10-08 14:40:42"
"352";"12.84";"0";"81.19";"28.1";"60.4";"2024-10-08 14:40:47"
"353";"12.84";"0";"81.19";"28.1";"60.3";"2024-10-08 14:40:52"
"354";"12.84";"0";"81.19";"28.1";"60.3";"2024-10-08 14:40:57"
"355";"12.84";"0";"81.19";"28.1";"60.3";"2024-10-08 14:41:02"
"356";"12.84";"0";"81.19";"28.1";"60.3";"2024-10-08 14:41:08"
"357";"12.84";"0";"81.19";"28.1";"60.3";"2024-10-08 14:41:13"
"358";"12.84";"0";"81.19";"28.1";"60.3";"2024-10-08 14:41:18"
"359";"12.84";"0";"81.19";"28.1";"60.3";"2024-10-08 14:41:23"
"360";"12.84";"0";"81.19";"28.1";"60.3";"2024-10-08 14:41:28"
"361";"12.84";"0";"81.19";"28.1";"60.3";"2024-10-08 14:41:33"
"362";"12.84";"0";"81.19";"28.1";"60.4";"2024-10-08 14:41:38"
"363";"12.84";"0";"81.19";"28.1";"60.3";"2024-10-08 14:41:43"
"364";"12.84";"0";"81.19";"28.1";"60.4";"2024-10-08 14:41:49"
"365";"12.84";"0";"81.19";"28.1";"60.4";"2024-10-08 14:41:54"
"366";"12.84";"0";"81.19";"28.1";"60.4";"2024-10-08 14:41:59"
"367";"12.84";"0";"81.19";"28.1";"60.4";"2024-10-08 14:42:04"
"368";"12.84";"0";"81.19";"28.1";"60.4";"2024-10-08 14:42:09"
"369";"12.84";"0";"81.19";"28.1";"60.4";"2024-10-08 14:42:14"
"370";"12.84";"0";"81.19";"28.1";"60.4";"2024-10-08 14:42:19"
"371";"12.84";"0";"81.19";"28.1";"60.4";"2024-10-08 14:42:24"
"372";"12.84";"0";"81.19";"28.1";"60.5";"2024-10-08 14:42:30"
"373";"12.84";"0";"81.19";"28.1";"60.5";"2024-10-08 14:42:35"
"374";"12.84";"0";"81.19";"28.1";"60.4";"2024-10-08 14:42:40"
"375";"12.84";"0";"81.19";"28.1";"60.4";"2024-10-08 14:42:45"
"376";"12.84";"0";"81.19";"28.1";"60.5";"2024-10-08 14:42:50"
"377";"12.84";"0";"81.19";"28.1";"60.5";"2024-10-08 14:42:55"
"378";"12.84";"0";"81.19";"28.1";"60.4";"2024-10-08 14:43:00"
"379";"12.84";"0";"81.19";"28.1";"60.5";"2024-10-08 14:43:05"
"380";"12.84";"0";"81.19";"28.1";"60.4";"2024-10-08 14:43:10"
"381";"12.84";"0";"81.19";"28.1";"60.4";"2024-10-08 14:43:16"
"382";"12.84";"0";"81.19";"28.1";"60.4";"2024-10-08 14:43:21"
"383";"12.84";"0";"81.19";"28.1";"60.4";"2024-10-08 14:43:26"
"384";"12.84";"0";"81.19";"28.1";"60.4";"2024-10-08 14:43:31"
"385";"12.84";"0";"81.19";"28.1";"60.4";"2024-10-08 14:43:36"
"386";"12.84";"0";"81.19";"28.1";"60.4";"2024-10-08 14:43:42"
"387";"12.84";"0";"81.19";"28.1";"60.3";"2024-10-08 14:43:46"
"388";"12.84";"0";"81.19";"28.1";"60.3";"2024-10-08 14:43:51"
"389";"12.84";"0";"81.19";"28.1";"60.4";"2024-10-08 14:43:57"
"390";"12.84";"0";"81.19";"28.1";"60.4";"2024-10-08 14:44:02"
"391";"12.84";"0";"81.19";"28.1";"60.4";"2024-10-08 14:44:07"
"392";"12.84";"0";"81.19";"28.1";"60.4";"2024-10-08 14:44:12"
"393";"12.84";"0";"81.19";"28.1";"60.4";"2024-10-08 14:44:17"
"394";"12.84";"0";"81.19";"28.1";"60.4";"2024-10-08 14:44:22"
"395";"12.84";"0";"81.19";"28.1";"60.4";"2024-10-08 14:44:27"
"396";"12.84";"0";"81.19";"28.1";"60.4";"2024-10-08 14:44:32"
"397";"12.84";"0";"81.19";"28.1";"60.4";"2024-10-08 14:44:38"
"398";"12.84";"0";"81.19";"28.1";"60.4";"2024-10-08 14:44:43"
"399";"12.84";"0";"81.19";"28.1";"60.3";"2024-10-08 14:44:48"
"400";"12.84";"0";"81.19";"28.1";"60.3";"2024-10-08 14:44:53"
"401";"12.84";"0";"81.19";"28.1";"60.3";"2024-10-08 14:44:58"
"402";"12.84";"0";"81.19";"28.1";"60.4";"2024-10-08 14:45:03"
"403";"12.84";"0";"81.19";"28.1";"60.4";"2024-10-08 14:45:08"
"404";"12.84";"0";"81.19";"28.1";"60.4";"2024-10-08 14:45:13"
"405";"12.84";"0";"81.19";"28.1";"60.5";"2024-10-08 14:45:19"
"406";"12.84";"0";"81.19";"28.1";"60.5";"2024-10-08 14:45:24"
"407";"12.84";"0";"81.19";"28.1";"60.5";"2024-10-08 14:45:29"
"408";"12.84";"0";"81.19";"28.1";"60.5";"2024-10-08 14:45:34"
"409";"12.84";"0";"81.19";"28.1";"60.5";"2024-10-08 14:45:39"
"410";"12.84";"0";"81.19";"28.1";"60.6";"2024-10-08 14:45:44"
"411";"12.84";"0";"81.19";"28.1";"60.6";"2024-10-08 14:45:49"
"412";"12.84";"0";"81.19";"28.1";"60.5";"2024-10-08 14:45:54"
"413";"12.84";"0";"81.19";"28.1";"60.5";"2024-10-08 14:46:00"
"414";"12.84";"0";"81.19";"28.1";"60.5";"2024-10-08 14:46:05"
"415";"12.84";"0";"81.19";"28.1";"60.5";"2024-10-08 14:46:10"
"416";"12.84";"0";"81.19";"28.1";"60.5";"2024-10-08 14:46:15"
"417";"12.84";"0";"81.19";"28.1";"60.5";"2024-10-08 14:46:20"
"418";"12.84";"0";"81.19";"28.1";"60.5";"2024-10-08 14:46:25"
"419";"12.84";"0";"81.19";"28.1";"60.6";"2024-10-08 14:46:30"
"420";"12.84";"0";"81.19";"28.1";"60.6";"2024-10-08 14:46:35"
"421";"12.84";"0";"81.19";"28.1";"60.6";"2024-10-08 14:46:41"
"422";"12.84";"0";"81.19";"28.1";"60.6";"2024-10-08 14:46:46"
"423";"12.87";"0";"81.89";"28.1";"60.6";"2024-10-08 14:46:51"
"424";"12.84";"0";"81.19";"28.1";"60.7";"2024-10-08 14:46:56"
"425";"12.84";"0";"81.19";"28.1";"60.7";"2024-10-08 14:47:01"
"426";"12.84";"0";"81.19";"28.1";"60.7";"2024-10-08 14:47:06"
"427";"12.84";"0";"81.19";"28.1";"60.7";"2024-10-08 14:47:11"
"428";"12.84";"0";"81.19";"28.1";"60.7";"2024-10-08 14:47:16"
"429";"12.84";"0";"81.19";"28.1";"60.7";"2024-10-08 14:47:22"
"430";"12.84";"0";"81.19";"28.1";"60.7";"2024-10-08 14:47:27"
"431";"12.84";"0";"81.19";"28.1";"60.7";"2024-10-08 14:47:32"
"432";"12.84";"0";"81.19";"28.1";"60.7";"2024-10-08 14:47:37"
"433";"12.84";"0";"81.19";"28.1";"60.8";"2024-10-08 14:47:42"
"434";"12.84";"0";"81.19";"28.1";"60.8";"2024-10-08 14:47:47"
"435";"12.84";"0";"81.19";"28.1";"60.8";"2024-10-08 14:47:52"
"436";"12.84";"0";"81.19";"28.1";"60.8";"2024-10-08 14:47:57"
"437";"12.84";"0";"81.19";"28.1";"60.8";"2024-10-08 14:48:02"
"438";"12.84";"0";"81.19";"28.1";"60.8";"2024-10-08 14:48:08"
"439";"12.84";"0";"81.19";"28.1";"60.8";"2024-10-08 14:48:13"
"440";"12.84";"0";"81.19";"28.1";"60.8";"2024-10-08 14:48:18"
"441";"12.84";"0";"81.19";"28.1";"60.9";"2024-10-08 14:48:23"
"442";"12.84";"0";"81.19";"28.1";"60.8";"2024-10-08 14:48:28"
"443";"12.84";"0";"81.19";"28.1";"60.9";"2024-10-08 14:48:33"
"444";"12.84";"0";"81.19";"28.1";"60.9";"2024-10-08 14:48:38"
"445";"12.84";"0";"81.19";"28.1";"60.9";"2024-10-08 14:48:43"
"446";"12.84";"0";"81.19";"28.1";"60.9";"2024-10-08 14:48:49"
"447";"12.84";"0";"81.19";"28.1";"60.8";"2024-10-08 14:48:54"
"448";"12.84";"0";"81.19";"28.1";"60.9";"2024-10-08 14:48:59"
"449";"12.84";"0";"81.19";"28.1";"60.9";"2024-10-08 14:49:04"
"450";"12.84";"0";"81.19";"28.1";"60.9";"2024-10-08 14:49:09"
"451";"12.84";"0";"81.19";"28.1";"60.9";"2024-10-08 14:49:14"
"452";"12.84";"0";"81.19";"28.1";"60.9";"2024-10-08 14:49:19"
"453";"12.84";"0";"81.19";"28.1";"60.9";"2024-10-08 14:49:24"
"454";"12.84";"0";"81.19";"28.1";"60.9";"2024-10-08 14:49:30"
"455";"12.84";"0";"81.19";"28.1";"61";"2024-10-08 14:49:35"
"456";"12.84";"0";"81.19";"28.1";"60.9";"2024-10-08 14:49:40"
"457";"12.84";"0";"81.19";"28.1";"60.9";"2024-10-08 14:49:45"
"458";"12.84";"0";"81.19";"28.1";"60.9";"2024-10-08 14:49:50"
"459";"12.84";"0";"81.19";"28.1";"60.9";"2024-10-08 14:49:55"
"460";"12.84";"0";"81.19";"28.1";"60.9";"2024-10-08 14:50:00"
"461";"12.84";"0";"81.19";"28.1";"60.9";"2024-10-08 14:50:05"
"462";"12.84";"0";"81.19";"28.1";"61";"2024-10-08 14:50:11"
"463";"12.84";"0";"81.19";"28.1";"61";"2024-10-08 14:50:16"
"464";"12.87";"0";"81.89";"28.1";"61";"2024-10-08 14:50:21"
"465";"12.84";"0";"81.19";"28.1";"61";"2024-10-08 14:50:26"
"466";"12.84";"0";"81.19";"28.1";"61";"2024-10-08 14:50:31"
"467";"12.84";"0";"81.19";"28.1";"61";"2024-10-08 14:50:36"
"468";"12.84";"0";"81.19";"28.1";"61.1";"2024-10-08 14:50:41"
"469";"12.84";"0";"81.19";"28.1";"61.1";"2024-10-08 14:50:46"
"470";"12.87";"0";"81.89";"28.1";"61.1";"2024-10-08 14:50:52"
"471";"12.84";"0";"81.19";"28.1";"61.1";"2024-10-08 14:50:57"
"472";"12.84";"0";"81.19";"28.1";"61.1";"2024-10-08 14:51:02"
"473";"12.87";"0";"81.89";"28.1";"61.1";"2024-10-08 14:51:07"
"474";"12.84";"0";"81.19";"28.1";"61";"2024-10-08 14:51:12"
"475";"12.84";"0";"81.19";"28.1";"61";"2024-10-08 14:51:17"
"476";"12.87";"0";"81.89";"28.1";"61.1";"2024-10-08 14:51:22"
"477";"12.84";"0";"81.19";"28.1";"61.1";"2024-10-08 14:51:27"
"478";"12.84";"0";"81.19";"28.1";"61.1";"2024-10-08 14:51:33"
"479";"12.84";"0";"81.19";"28.1";"61.1";"2024-10-08 14:51:38"
"480";"12.84";"0";"81.19";"28.1";"61.1";"2024-10-08 14:51:43"
"481";"12.84";"0";"81.19";"28.1";"61.2";"2024-10-08 14:51:48"
"482";"12.84";"0";"81.19";"28.1";"61.1";"2024-10-08 14:51:53"
"483";"12.84";"0";"81.19";"28.1";"61.1";"2024-10-08 14:51:58"
"484";"12.84";"0";"81.19";"28.1";"61.1";"2024-10-08 14:52:03"
"485";"12.84";"0";"81.19";"28.1";"61.1";"2024-10-08 14:52:08"
"486";"12.84";"0";"81.19";"28.1";"61.1";"2024-10-08 14:52:14"
"487";"12.84";"0";"81.19";"28.1";"61";"2024-10-08 14:52:19"
"488";"12.84";"0";"81.19";"28.1";"61";"2024-10-08 14:52:24"
"489";"12.84";"0";"81.19";"28.1";"61";"2024-10-08 14:52:29"
"490";"12.84";"0";"81.19";"28.1";"61";"2024-10-08 14:52:34"
"491";"12.84";"0";"81.19";"28.1";"60.9";"2024-10-08 14:52:39"
"492";"12.84";"0";"81.19";"28.1";"60.9";"2024-10-08 14:52:44"
"493";"12.84";"0";"81.19";"28.1";"60.9";"2024-10-08 14:52:49"
"494";"12.84";"0";"81.19";"28.1";"60.9";"2024-10-08 14:52:55"
"495";"12.84";"0";"81.19";"28.1";"60.9";"2024-10-08 14:53:00"
"496";"12.84";"0";"81.19";"28.1";"61";"2024-10-08 14:53:05"
"497";"12.84";"0";"81.19";"28.1";"61";"2024-10-08 14:53:10"
"498";"12.84";"0";"81.19";"28.1";"61";"2024-10-08 14:53:15"
"499";"12.84";"0";"81.19";"28.1";"61";"2024-10-08 14:53:20"
"500";"12.84";"0";"81.19";"28.1";"61";"2024-10-08 14:53:25"
